INSERT INTO `abonado_buenas_practicas`
(`id`, `descripcion`)
VALUES
(1, 'Aplicación de purines mediante sistema de bandas con mangueras o tubos rígidos'),
(2, 'Aplicación de purines mediante sistema de bandas de discos o rejas'),
(3, 'Aplicación de purines mediante inyección'),
(4, 'Dilución de purines, seguida de técnicas tales como un sistema de riego de baja presión'),
(5, 'Acidificación de los purines'),
(6, 'Dosis y momento de aplicación'),
(7, 'Fraccionamiento de los aportes de acuerdo con las necesidades del cultivo, siempre que sea técnicamente posible'),
(8, 'Incorporación de los fertilizantes en el suelo por sistemas de inyección en profundidad '),
(9, 'Incorporación de los fertilizantes en el suelo mediante mezcla de los gránulos del fertilizante con el suelo'),
(10, 'Emplear gránulos de urea recubiertos de un polímero'),
(11, 'Aplicar un riego inmediatamente después de la fertilización con abonos a base de urea'),
(12, 'Realizar la fertilización nitrogenada mediante fertirrigación (Sólo cuando haya necesidades de regadío)'),
(13, 'En el cultivo de arroz, realizar el abonado nitrogenado con el terreno seco'),
(14, 'Empleo de inhibidores de la ureasa con productos fertilizantes a base de urea'),
(15, 'Enterrado de purines y, productos y materiales líquidos lo antes posible y siempre en las primeras 4 horas tras su aplicación'),
(16, 'Empleo de inhibidores de la ureasa o de la nitrificación aplicados a purines, con supervisión profesional en caso de aplicación directa de los purines al suelo o a la balsa de purín'),
(17, 'Aplicación de la tecnología de dosificación variable dentro de una misma parcela'),
(18, 'Enterrado de la urea, en el momento de su aplicación al suelo o, por lo menos, en las 4 horas siguientes'),
(19, 'Empleo de productos fertilizantes nitrogenados con inhibidores de la nitrificación'),
(20, 'Abonado en verde');

INSERT INTO `abonado_metodo_aplicacion`
(`id`, `descripcion`)
VALUES
(1, 'Esparcido general'),
(2, 'Esparcido general y enterrado'),
(3, 'Esparcido localizado'),
(4, 'Esparcido localizado y enterrado'),
(5, 'Riego por aspersión (fertirrigación)'),
(6, 'Riego localizado (fertirrigación)'),
(7, 'Aplicación foliar');

INSERT INTO `abonado_tipo`
(`id`, `descripcion`)
VALUES
(1, 'Abonado de fondo'),
(2, 'Abonado de cobertera'),
(3, 'Aplicación de enmienda');

INSERT INTO `actividad_secundaria1er_nivel`
(`id`, `descripcion`)
VALUES
(1, 'Actividad de transformación realizada en la explotación'),
(2, 'Calibrado o acondicionamiento de productos'),
(3, 'Actividad Agroturística y Cinegética'),
(4, 'Servicios'),
(5, 'Otras actividades complementarias');

INSERT INTO `actividad_secundaria2do_nivel`
(`id`, `descripcion`, `actividad1er_nivel_id`)
VALUE
(1, 'Productos Agrarios', 1),
(2, 'Productos Lácteos', 1),
(3, 'Productos Cárnicos', 1),
(4, 'Trenzados e hilados', 1),
(5, 'Otros Productos', 1),
(1, 'Calibrado y acondicionamiento de productos', 2),
(1, 'Restauración', 3),
(2, 'Alojamiento', 3),
(3, 'Otras actividades agroturísticas', 3),
(4, 'Caza', 3),
(1, 'A terceros', 4),
(2, 'Conservación del paisaje', 4),
(1, 'Energías Renovables', 5),
(2, 'Otras actividades en que se utilizan la tierra y los medios de producción agraria', 5);

INSERT INTO `actividad_secundaria3er_nivel`
(`id`, `descripcion`, `actividad2do_nivel_actividad1er_nivel_id`, `actividad2do_nivel_id`)
VALUES
('1', 'Zumos de fruta', '1', '1'),
('2', 'Conservas', '1', '1'),
('3', 'Mermelada', '1', '1'),
('4', 'Bebidas alcohólicas', '1', '1'),
('5', 'Uva mosto vino en productos alcohólicos', '1', '1'),
('6', 'Otros productos agrarios', '1', '1'),
('1', 'Leche de consumo', '1', '2'),
('2', 'Nata', '1', '2'),
('3', 'Mantequilla', '1', '2'),
('4', 'Queso sin mezcla', '1', '2'),
('5', 'Queso con mezcla', '1', '2'),
('6', 'Yogurt', '1', '2'),
('7', 'Otros equivalentes de la leche', '1', '2'),
('8', 'Otros productos lácteos', '1', '2'),
('1', 'Paté', '1', '3'),
('2', 'Foi gras', '1', '3'),
('3', 'Embutido', '1', '3'),
('4', 'Otros productos cárnicos', '1', '3'),
('1', 'Trenzado de materiales', '1', '4'),
('2', 'Textiles', '1', '4'),
('3', 'Tejido de Lanas', '1', '4'),
('0', 'Sin descripción', '1', '5'),
('0', 'Sin descripción', '2', '1'),
('2', 'Degustación', '3', '1'),
('3', 'Tienda de comercio al por menor', '3', '1'),
('1', 'Hotel', '3', '2'),
('2', 'Alojamiento rural', '3', '2'),
('3', 'Camping', '3', '2'),
('4', ' Refugio', '3', '2'),
('1', 'Excursiones', '3', '3'),
('2', 'Senderismo', '3', '3'),
('3', 'Escalada', '3', '3'),
('4', 'Espeleología', '3', '3'),
('5', 'Rutas en bicicleta', '3', '3'),
('6', 'Equitación', '3', '3'),
('7', 'Golf', '3', '3'),
('8', 'Pesca', '3', '3'),
('0', 'Sin descripción', '3', '4'),
('1', 'Alquiler y reparación de maquinaria agraria', '4', '1'),
('2', 'Proyectos de regadío', '4', '1'),
('3', 'Asesoramiento agrario', '4', '1'),
('4', 'Almacenamiento de productos', '4', '1'),
('5', 'Mantenimiento de edificios agrarios', '4', '1'),
('6', 'Agentes comerciales de productos agrarios', '4', '1'),
('7', 'Transporte de productos agrarios', '4', '1'),
('1', 'Corte de hierba y setos', '4', '2'),
('2', 'Eliminación de nieve', '4', '2'),
('3', 'Diseño paisajístico', '4', '2'),
('4', 'Conservación y plantación de espacios verdes', '4', '2'),
('1', 'Solar', '5', '1'),
('2', 'Eólica', '5', '1'),
('3', 'Hidraúlica', '5', '1'),
('4', 'Biomasa', '5', '1'),
('5', 'Bioetanol', '5', '1'),
('6', 'Biodiésel', '5', '1'),
('0', 'Sin descripción', '5', '2');

INSERT INTO `continente`
(`id`, `descripcion`)
VALUES
(1, 'Europa'),
(2, 'África'),
(3, 'América'),
(4, 'Asia'),
(5, 'Oceania');

INSERT INTO `agrupacion_paises`
(`id`, `descripcion`, `continente_id`)
VALUES
(1, 'Unión Europea', 1),
(2, 'Resto de Europa', 1),
(3, 'África', 2),
(4, 'América del Norte', 3),
(5, 'Centro América y Caribe', 3),
(6, 'Sudamérica', 3),
(7, 'Asia', 4),
(8, 'Oceanía', 5);

INSERT INTO `causa_baja`
(`id`, `descripcion`)
VALUES
(1, 'Cambio de titularidad De la explotación'),
(2, 'Desistimiento De la explotación'),
(3, 'Fusión de explotaciones De la explotación'),
(4, 'Baja de oficio De la explotación'),
(5, 'Error material De la explotación'),
(6, 'Incidencia en controles Del cultivo'),
(7, 'Cambio a aprovechamiento Del cultivo'),
(8, 'Error material Del cultivo'),
(9, 'Cambio de geometría De la DGC'),
(10, 'Venta De la DGC'),
(11, 'Arrendamiento a un tercero De la DGC'),
(12, 'Finalización del arrendamiento De la DGC'),
(13, 'Incidencia en controles De la DGC'),
(14, 'Error material De la DGC'),
(15, 'Baja de oficio Del cultivo'),
(16, 'Baja de oficio De la DGC');

INSERT INTO `cobertura_tipo`
(`id`, `descripcion`)
VALUES
(1, 'Suelo desnudo '),
(2, 'Cubierta vegetal sembrada'),
(3, 'Cubierta vegetal espontánea.'),
(4, 'Cubierta inerte de restos de poda'),
(5, 'Cubierta inerte de otros materiales (cáscaras de frutos secos, piedras, otros restos vegetales, etc.)'),
(6, 'Regeneración Pastos permanentes');

INSERT INTO `pais`
(`id`, `codigo`, `descripcion`, `agrupacion_paises_id`)
VALUES
(101,'AL','Albania',2),
(102,'AT','Austria',1),
(103,'BE','Bélgica',1),
(104,'BG','Bulgaria',1),
(106,'CY','Chipre',1),
(107,'DK','Dinamarca',1),
(108,'ES','España',1),
(109,'FI','Finlandia',1),
(110,'FR','Francia',1),
(111,'GR','Grecia',1),
(112,'HU','Hungría',1),
(113,'IE','Irlanda',1),
(114,'IS','Islandia',2),
(115,'IT','Italia',1),
(116,'LI','Liechtenstein',2),
(117,'LU','Luxemburgo',1),
(118,'MT','Malta',1),
(119,'MC','Mónaco',2),
(120,'NO','Noruega',2),
(121,'NL','Países Bajos',1),
(122,'PL','Polonia',1),
(123,'PT','Portugal',1),
(124,'AD','Andorra',2),
(125,'GB','Reino Unido',2),
(126,'DE','Alemania',1),
(128,'RO','Rumanía',1),
(129,'SM','San Marino',2),
(130,'VA','Santa Sede',2),
(131,'SE','Suecia',1),
(132,'CH','Suiza',2),
(135,'UA','Ucrania',2),
(136,'LV','Letonia',1),
(137,'MD','Moldavia',2),
(138,'BY','Bielorrusia',2),
(139,'GE','Georgia',2),
(141,'EE','Estonia',1),
(142,'LT','Lituania',1),
(143,'CZ','República Checa',1),
(144,'SK','Eslovaquia',1),
(145,'BA','Bosnia y Herzegovina',2),
(146,'HR','Croacia',1),
(147,'SI','Eslovenia',1),
(148,'AM','Armenia',2),
(154,'RU','Rusia',2),
(156,'MK','Macedonia del Norte',2),
(157,'RS','Serbia',2),
(158,'ME','Montenegro',2),
(199,NULL,'Otros países de Europa',2),
(201,'BF','Burkina Faso',3),
(202,'AO','Angola',3),
(203,'DZ','Argelia',3),
(204,'BJ','Benin',3),
(205,'BW','Botswana',3),
(206,'BI','Burundi',3),
(207,'CV','Cabo Verde',3),
(208,'CM','Camerún',3),
(209,'KM','Comoras',3),
(210,'CG','Congo',3),
(211,'CI','Costa de Marfil',3),
(212,'DJ','Yibuti',3),
(213,'EG','Egipto',3),
(214,'ET','Etiopía',3),
(215,'GA','Gabón',3),
(216,'GM','Gambia',3),
(217,'GH','Ghana',3),
(218,'GN','Guinea',3),
(219,'GW','Guinea-Bissau',3),
(220,'GQ','Guinea Ecuatorial',3),
(221,'KE','Kenia',3),
(222,'LS','Lesotho',3),
(223,'LR','Liberia',3),
(224,'LY','Libia',3),
(225,'MG','Madagascar',3),
(226,'MW','Malawi',3),
(227,'ML','Mali',3),
(228,'MA','Marruecos',3),
(229,'MU','Mauricio',3),
(230,'MR','Mauritania',3),
(231,'MZ','Mozambique',3),
(232,'NA','Namibia',3),
(233,'NE','Níger',3),
(234,'NG','Nigeria',3),
(235,'CF','República Centroafricana',3),
(236,'ZA','Sudáfrica',3),
(237,'RW','Ruanda',3),
(238,'ST','Santo Tomé y Príncipe',3),
(239,'SN','Senegal',3),
(240,'SC','Seychelles',3),
(241,'SL','Sierra Leona',3),
(242,'SO','Somalia',3),
(243,'SD','Sudán',3),
(244,'SZ','Suazilandia',3),
(245,'TZ','Tanzania',3),
(246,'TD','Chad',3),
(247,'TG','Togo',3),
(248,'TN','Túnez',3),
(249,'UG','Uganda',3),
(250,'CD','República Democrática del Congo',3),
(251,'ZM','Zambia',3),
(252,'ZW','Zimbabwe',3),
(253,'ER','Eritrea',3),
(254,'SS','Sudán del Sur',3),
(299,NULL,'Otros países de África',3),
(301,'CA','Canadá',4),
(302,'US','Estados Unidos de América',4),
(303,'MX','México',4),
(310,'AG','Antigua y Barbuda',5),
(311,'BS','Bahamas',5),
(312,'BB','Barbados',5),
(313,'BZ','Belice',5),
(314,'CR','Costa Rica',5),
(315,'CU','Cuba',5),
(316,'DM','Dominica',5),
(317,'SV','El Salvador',5),
(318,'GD','Granada',5),
(319,'GT','Guatemala',5),
(320,'HT','Haití',5),
(321,'HN','Honduras',5),
(322,'JM','Jamaica',5),
(323,'NI','Nicaragua',5),
(324,'PA','Panamá',5),
(325,'VC','San Vicente y las Granadinas',5),
(326,'DO','República Dominicana',5),
(327,'TT','Trinidad y Tobago',5),
(328,'LC','Santa Lucía',5),
(329,'KN','San Cristóbal y Nieves',5),
(340,'AR','Argentina',6),
(341,'BO','Bolivia',6),
(342,'BR','Brasil',6),
(343,'CO','Colombia',6),
(344,'CL','Chile',6),
(345,'EC','Ecuador',6),
(346,'GY','Guyana',6),
(347,'PY','Paraguay',6),
(348,'PE','Perú',6),
(349,'SR','Surinam',6),
(350,'UY','Uruguay',6),
(351,'VE','Venezuela',6),
(399,NULL,'Otros países de América',6),
(401,'AF','Afganistán',7),
(402,'SA','Arabia Saudí',7),
(403,'BH','Baréin',7),
(404,'BD','Bangladesh',7),
(405,'MM','Myanmar',7),
(407,'CN','China',7),
(408,'AE','Emiratos Árabes Unidos',7),
(409,'PH','Filipinas',7),
(410,'IN','India',7),
(411,'ID','Indonesia',7),
(412,'IQ','Iraq',7),
(413,'IR','Irán',7),
(414,'IL','Israel',7),
(415,'JP','Japón',7),
(416,'JO','Jordania',7),
(417,'KH','Camboya',7),
(418,'KW','Kuwait',7),
(419,'LA','Laos',7),
(420,'LB','Líbano',7),
(421,'MY','Malasia',7),
(422,'MV','Maldivas',7),
(423,'MN','Mongolia',7),
(424,'NP','Nepal',7),
(425,'OM','Omán',7),
(426,'PK','Pakistán',7),
(427,'QA','Qatar',7),
(430,'KR','Corea',7),
(431,'KP','Corea del Norte',7),
(432,'SG','Singapur',7),
(433,'SY','Siria',7),
(434,'LK','Sri Lanka',7),
(435,'TH','Tailandia',7),
(436,'TR','Turquía',2),
(437,'VN','Vietnam',7),
(439,'BN','Brunei',7),
(440,'MH','Islas Marshall',7),
(441,'YE','Yemen',7),
(442,'AZ','Azerbaiyán',7),
(443,'KZ','Kazajistán',7),
(444,'KG','Kirguistán',7),
(445,'TJ','Tayikistán',7),
(446,'TM','Turkmenistán',7),
(447,'UZ','Uzbekistán',7),
(448,'BT','Bután',7),
(449,'PS','Palestina',7),
(499,NULL,'Otros países de Asia',7),
(501,'AU','Australia',8),
(502,'FJ','Fiyi',8),
(504,'NZ','Nueva Zelanda',8),
(505,'PG','Papúa Nueva Guinea',8),
(506,'SB','Islas Salomón',8),
(507,'WS','Samoa',8),
(508,'TO','Tonga',8),
(509,'VU','Vanuatu',8),
(511,'FM','Micronesia',8),
(512,'TV','Tuvalu',8),
(513,'CK','Islas Cook',8),
(514,'KI','Kiribati',8),
(515,'NR','Nauru',8),
(516,'PW','Palaos',8),
(517,'TL','Timor Oriental',8),
(599,NULL,'Otros países de Oceanía',8);

INSERT INTO `comunidad_autonoma`
(`id_catastro`, `idine`, `descripcion`, `pais_id`)
VALUES
(0, NULL, 'Comunidad Desconocida', 108),
(1, 1, 'Comunidad Autónoma de Andalucía', 108),
(2, 2, 'Comunidad Autónoma de Aragón', 108),
(3, 3, 'Principado de Asturias', 108),
(4, 4, 'Comunidad Autónoma de Illes Balears', 108),
(5, 5, 'Comunidad Autónoma de Canarias', 108),
(6, 6, 'Comunidad Autónoma de Cantabria', 108),
(7, 8, 'Comunidad Autónoma de Castilla-La Mancha', 108),
(8, 7, 'Comunidad Autónoma de Castilla y León', 108),
(9, 9, 'Comunidad Autónoma de Cataluña', 108),
(10, 11, 'Comunidad Autónoma de Extremadura', 108),
(11, 12, 'Comunidad Autónoma de Galicia', 108),
(12, 13, 'Comunidad de Madrid', 108),
(13, 14, 'Región de Murcia', 108),
(14, 15, 'Comunidad Foral de Navarra', 108),
(15, 16, 'Comunidad Autónoma del País Vasco', 108),
(16, 17, 'Comunidad Autónoma de La Rioja', 108),
(17, 10, 'Comunidad Valenciana', 108);

INSERT INTO `cosecha_destino`
(`id`, `descripcion`)
VALUES
(1, 'Entregada a bodega cooperativa'),
(2, 'Entregada a explotación agrícola para su cultivo'),
(3, 'Vendidas a un vinificador'),
(4, 'Vinificación y/o conservación por el declarante.'),
(5, 'Bebidas'),
(6, 'Conservas'),
(7, 'Mermelada'),
(8, 'Mosto concentrado'),
(9, 'Pasificado'),
(10, 'Zumo'),
(11, 'Azúcar'),
(12, 'Melaza'),
(13, 'Bagazo'),
(14, 'Molturación torta'),
(15, 'Encurtidos'),
(16, 'Alcohol');

INSERT INTO `cosecha_destino_restos`
(`id`, `descripcion`)
VALUES
(1, 'Incorporación al suelo o distribución en parcela (previo picado o no)'),
(2, 'Venta a terceros'),
(3, 'Autoconsumo para alimentación animal'),
(4, 'Autoconsumo como combustible'),
(5, 'Autocompostaje'),
(6, 'Traslado a planta de gestión de restos vegetales'),
(7, 'Traslado a planta de compostaje'),
(8, 'Quema controlada con arreglo a normativa vigente'),
(9, 'Trituración de restos de poda y depositado sobre el terreno de los mismos');

INSERT INTO `cultivo_destino`
(`id`, `descripcion`)
VALUES
(1, 'Consumo humano en fresco'),
(2, 'Consumo humano en seco'),
(3, 'Consumo animal '),
(4, 'Forrajero'),
(5, 'Forraje deshidratado'),
(6, 'Semillas para siembra'),
(7, 'Semillas certificadas para siembra'),
(8, 'Plantas, plantones o partes de planta para cultivo y/o reproducción'),
(9, 'Ensilado'),
(10, 'Semillas destinadas a la producción de brotes'),
(11, 'Semillas germinadas excepto brotes (shoots o cress)'),
(12, 'Leña'),
(13, 'Corcho'),
(14, 'Resina'),
(15, 'Sidra'),
(16, 'Pimentón'),
(17, 'Fibra'),
(18, 'Aceite'),
(19, 'Medicinal'),
(20, 'Industria cosmética '),
(21, 'Energía renovable'),
(22, 'Vinificación'),
(23, 'Otro procesamiento industrial'),
(24, 'Henificado '),
(25, 'Uso experimental'),
(26, 'Biomasa'),
(27, 'Madera'),
(28, 'Secado de la planta por comercialización'),
(29, 'Combinado: Industrial u otros más secado');

INSERT INTO `cultivo_sistema_cultivo`
(`id`, `descripcion`)
VALUES
(1, 'Aire libre'),
(2, 'Malla'),
(3, 'Cubierta no accesible'),
(4, 'Invernadero (cubierta accesible)'),
(5, 'Forestales en rotacion corta'),
(6, 'Micorrizado'),
(7, 'Acolchado'),
(8, 'Enarenado'),
(9, 'Bodega Sacos'),
(10, 'Bodega Bandejas'),
(11, 'Bodega Botellas'),
(12, 'Bodega Otros'),
(13, 'Nave Sacos'),
(14, 'Nave Bandejas'),
(15, 'Nave Botellas'),
(16, 'Nave Otros'),
(17, 'Hoyos'),
(18, 'Zanjas'),
(19, 'Invernadero (cubierta accesible)+ enarenado');

INSERT INTO `cultivo_sistema_explotacion`
(`codigo`, `descripcion`)
VALUES
('R', 'Regadío'),
('S', 'Secano');

INSERT INTO `indicacion_geografica_clase`
(`id`, `categoria`, `descripcion`)
VALUES
(1, 'Alimentarios', 'CARNES FRESCAS'),
(2, 'Alimentarios', 'PRODUCTOS CÁRNICOS'),
(3, 'Alimentarios', 'QUESOS'),
(4, 'Alimentarios', 'OTROS PRODUCTOS DE ORIGEN ANIMAL'),
(5, 'Alimentarios', 'ACEITES Y GRASAS'),
(6, 'Alimentarios', 'FRUTAS, HORTALIZAS Y CEREALES FRESCOS O TRANSFORMADOS'),
(7, 'Alimentarios', 'PESCADOS, MOLUSCOS, Y CRUSTÁCEOS FRESCOS Y PRODUCTOS DERIVADOS DE ELLOS'),
(8, 'Alimentarios', 'OTROS PRODUCTOS DEL ANEXO I DEL TRATADO'),
(9, 'Alimentarios', 'PRODUCTOS DE PANADERÍA, PASTELERÍA, REPOSTERÍA Y GALLETERÍA'),
(10, 'Alimentarios', 'COCHINILLA'),
(11, 'Espirituosos', 'ESPIRITUOSOS'),
(19, 'Vinos', 'VINOS DOP'),
(20, 'Aromatizados', 'VINOS AROMATIZADOS'),
(21, 'Vinos', 'VINOS IGP');

INSERT INTO `indicacion_geografica_subclase`
(`id`, `descripcion`, `clase_id`)
VALUES
(1, 'Aves de corral', 1),
(2, 'Vacuno', 1),
(3, 'Ovino', 1),
(4, 'Jamones Ibéricos', 2),
(5, 'Jamones no ibéricos', 2),
(6, 'Jamones y paletas no ibéricas', 2),
(7, 'Embutidos', 2),
(8, 'Otros productos cárnicos', 2),
(9, 'Quesos', 3),
(10, 'Miel', 4),
(11, 'Aceites  de Oliva Virgen', 5),
(12, 'Mantequillas', 5),
(13, 'Frutas', 6),
(14, 'Hortalizas', 6),
(15, 'Legumbres', 6),
(16, 'Arroces', 6),
(17, 'Aceitunas', 6),
(18, 'Cereales frescos o transformados', 6),
(19, 'Otros vegetales (frutos secos)', 6),
(20, 'Pescados', 7),
(21, 'Moluscos', 7),
(22, 'Especias', 8),
(23, 'Frutos diversos (tubérculos, raíces, etc)', 8),
(24, 'Vinagres', 8),
(25, 'Sidra', 8),
(26, 'Turrones', 9),
(27, 'Panes', 9),
(28, 'Productos de pastelería y repostería', 9),
(29, 'Cochinilla', 10),
(31, 'Porcino', 1),
(32, 'randy o Weinbrand', 11),
(33, 'guardiente de orujo u orujo', 11),
(34, 'Aguardiente de sidra y aguardiente de perada', 11),
(35, 'Bebidas espirituosas aromatizadas con enebro', 11),
(36, 'Bebidas espirituosas anisadas', 11),
(37, 'Licor', 11),
(38, 'Bebida espirituosa aromatizada a base de endrinas o pacharán', 11),
(39, 'Otras bebidas espirituosas', 11),
(40, 'Vinos aromatizados', 20),
(41, 'Vino de Denominación de Origen Calificada', 19),
(42, 'Vino de Denominación de Origen', 19),
(43, 'Vino de Pago', 19),
(44, 'Vino de Calidad', 19),
(45, 'Vino de la Tierra', 21);

INSERT INTO `provincia`
(`id`, `descripcion`, `comunidad_autonoma_id_catastro`)
VALUES
(1, 'ÁLAVA', 15),
(2, 'ALBACETE', 7),
(3, 'ALICANTE', 17),
(4, 'ALMERÍA', 1),
(5, 'AVILA', 8),
(6, 'BADAJOZ', 10),
(7, 'BALEARES', 4),
(8, 'BARCELONA', 9),
(9, 'BURGOS', 8),
(10, 'CÁCERES', 10),
(11, 'CÁDIZ', 1),
(12, 'CASTELLÓN', 17),
(13, 'CIUDAD REAL', 7),
(14, 'CÓRDOBA', 1),
(15, 'LA CORUÑA', 11),
(16, 'CUENCA', 7),
(17, 'GERONA', 9),
(18, 'GRANADA', 1),
(19, 'GUADALAJARA', 7),
(20, 'GUIPUZCOA', 15),
(21, 'HUELVA', 1),
(22, 'HUESCA', 2),
(23, 'JAÉN', 1),
(24, 'LEÓN', 8),
(25, 'LERIDA', 9),
(26, 'LA RIOJA', 16),
(27, 'LUGO', 11),
(28, 'MADRID', 12),
(29, 'MÁLAGA', 1),
(30, 'MURCIA', 13),
(31, 'NAVARRA', 14),
(32, 'OURENSE', 11),
(33, 'ASTURIAS', 3),
(34, 'PALENCIA', 8),
(35, 'LAS PALMAS', 5),
(36, 'PONTEVEDRA', 11),
(37, 'SALAMANCA', 8),
(38, 'SANTA CRUZ DE TENERIFE', 5),
(39, 'CANTABRIA', 6),
(40, 'SEGOVIA', 8),
(41, 'SEVILLA', 1),
(42, 'SORIA', 8),
(43, 'TARRAGONA', 9),
(44, 'TERUEL', 2),
(45, 'TOLEDO', 7),
(46, 'VALENCIA', 17),
(47, 'VALLADOLID', 8),
(48, 'VIZCAYA', 15),
(49, 'ZAMORA', 8),
(50, 'ZARAGOZA', 2);

INSERT INTO `denominacion_origen`
(`id`, `indicacion_geografica`, `nombre`, `registroue`, `subclase_id`)
VALUES
(329, 'DOP', 'Prado de Irache', 'PDO-ES-A0182', 43),
(330, 'DOP', 'Priorat / Priorato', 'PDO-ES-A1560', 41),
(331, 'DOP', 'Rías Baixas', 'PDO-ES-A1119', 42),
(332, 'DOP', 'Ribeira Sacra', 'PDO-ES-A1128', 42),
(334, 'DOP', 'Ribeiro', 'PDO-ES-A1123', 42),
(336, 'DOP', 'Ribera del Duero', 'PDO-ES-A0626', 42),
(338, 'DOP', 'Ribera del Guadiana', 'PDO-ES-A1295', 42),
(340, 'DOP', 'Ribera del Júcar', 'PDO-ES-A0049', 42),
(342, 'DOP', 'Rioja', 'PDO-ES-A0117', 41),
(343, 'DOP', 'Rueda', 'PDO-ES-A0889', 42),
(345, 'DOP', 'Sierra de Salamanca', 'PDO-ES-A0631', 44),
(349, 'DOP', 'Sierras de Málaga', 'PDO-ES-A1480', 42),
(350, 'DOP', 'Somontano', 'PDO-ES-A0534', 42),
(351, 'DOP', 'Tacoronte-Acentejo', 'PDO-ES-A0115', 42),
(352, 'DOP', 'Tarragona', 'PDO-ES-A1555', 42),
(353, 'DOP', 'Terra Alta', 'PDO-ES-A1556', 42),
(354, 'DOP', 'Tierra del Vino de Zamora', 'PDO-ES-A0634', 42),
(355, 'DOP', 'Toro', 'PDO-ES-A0886', 42),
(357, 'DOP', 'Uclés', 'PDO-ES-A0050', 42),
(358, 'DOP', 'Utiel-Requena', 'PDO-ES-A0874', 42),
(360, 'DOP', 'Valdeorras', 'PDO-ES-A1132', 42),
(361, 'DOP', 'Valdepeñas', 'PDO-ES-A0051', 42),
(362, 'DOP', 'Valencia', 'PDO-ES-A0872', 42),
(363, 'DOP', 'Valle de Güímar', 'PDO-ES-A0980', 42),
(364, 'DOP', 'Valle de la Orotava', 'PDO-ES-A1040', 42),
(367, 'DOP', 'Vallegarcía', 'PDO-ES-02085', 43),
(368, 'DOP', 'Valles de Benavente', 'PDO-ES-A0646', 44),
(370, 'DOP', 'Valtiendas', 'PDO-ES-A0747', 44),
(371, 'DOP', 'Vera de Estenas', 'PDO-ES-N1665', 43),
(373, 'DOP', 'Vinos de Madrid', 'PDO-ES-A1525', 42),
(374, 'DOP', 'Ycoden-Daute-Isora', 'PDO-ES-A0114', 42),
(375, 'DOP', 'Yecla', 'PDO-ES-A0606', 42),
(382, 'DOP', 'Urueña', 'PDO-ES-02485', 42),
(378, 'DOP', 'Dehesa Peñalba', 'PDO-ES-02592', 42),
(376, 'DOP', 'Abadía Retuerta', 'PDO-ES-02481', 42),
(377, 'DOP', 'Bolandin', 'PDO-ES-N1876', 42),
(213, 'DOP', 'Queso de Acehúche', 'PDO-ES-02621', 9),
(215, 'DOP', 'Alubia de Anguiano', 'PDO-ES-02642', 15),
(214, 'DOP', 'Nuez de Pedroso', 'PDO-ES-02643', 19),
(266, 'DOP', 'Cava', 'PDO-ES-A0735', 42),
(267, 'DOP', 'Cebreros', 'PDO-ES-02348', 44),
(268, 'DOP', 'Arabako Txakolina / Txakolí de Álava / Chacolí de Álava', 'PDO-ES-A0732', 42),
(269, 'DOP', 'Bizkaiko Txakolina / Chacolí de Bizkaia / Txakolí de Bizkaia', 'PDO-ES-A0746', 42),
(270, 'DOP', 'Getariako Txakolina / Chacolí de Getaria / Txakolí de Getaria', 'PDO-ES-A0741', 42),
(271, 'DOP', 'Chozas Carrascal', 'PDO-ES-N1637', 43),
(272, 'DOP', 'Cigales', 'PDO-ES-A0622', 42),
(273, 'DOP', 'Conca de Barberà', 'PDO-ES-A1422', 42),
(274, 'DOP', 'Condado de Huelva', 'PDO-ES-A1485', 42),
(277, 'DOP', 'Costers del Segre', 'PDO-ES-A1523', 42),
(279, 'DOP', 'Dehesa del Carrizal', 'PDO-ES-A0054', 43),
(281, 'DOP', 'Dominio de Valdepusa', 'PDO-ES-A0052', 43),
(282, 'DOP', 'El Hierro', 'PDO-ES-A1250', 42),
(283, 'DOP', 'El Terrerazo', 'PDO-ES-A0940', 43),
(284, 'DOP', 'El Vicario', 'PDO-ES-N1634', 43),
(285, 'DOP', 'Empordà', 'PDO-ES-A1548', 42),
(287, 'DOP', 'Finca Élez', 'PDO-ES-A0053', 43),
(289, 'DOP', 'Gran Canaria', 'PDO-ES-A0112', 42),
(290, 'DOP', 'Granada', 'PDO-ES-A1475', 42),
(291, 'DOP', 'Guijoso', 'PDO-ES-A0058', 43),
(295, 'DOP', 'Islas Canarias', 'PDO-ES-A1511', 44),
(296, 'DOP', 'Jerez-Xérès-Sherry / Jerez / Xérès / Sherry', 'PDO-ES-A1483', 42),
(297, 'DOP', 'Jumilla', 'PDO-ES-A0109', 42),
(298, 'DOP', 'La Gomera', 'PDO-ES-A0111', 42),
(299, 'DOP', 'La Jaraba', 'PDO-ES-01895', 43),
(300, 'DOP', 'La Mancha', 'PDO-ES-A0045', 42),
(301, 'DOP', 'La Palma', 'PDO-ES-A0510', 42),
(303, 'DOP', 'Lanzarote', 'PDO-ES-A0113', 42),
(305, 'DOP', 'Lebrija', 'PDO-ES-A1478', 44),
(306, 'DOP', 'León', 'PDO-ES-A0882', 42),
(308, 'DOP', 'Los Balagueses', 'PDO-ES-A0941', 43),
(309, 'DOP', 'Los Cerrillos', 'PDO-ES-02228', 43),
(311, 'DOP', 'Málaga', 'PDO-ES-A1481', 42),
(313, 'DOP', 'Manchuela', 'PDO-ES-A0046', 42),
(314, 'DOP', 'Manzanilla-Sanlúcar de Barrameda / Manzanilla', 'PDO-ES-A1482', 42),
(315, 'DOP', 'Méntrida', 'PDO-ES-A0047', 42),
(316, 'DOP', 'Mondéjar', 'PDO-ES-A0048', 42),
(317, 'DOP', 'Monterrei', 'PDO-ES-A1114', 42),
(318, 'DOP', 'Montilla-Moriles', 'PDO-ES-A1479', 42),
(319, 'DOP', 'Montsant', 'PDO-ES-A1550', 42),
(321, 'DOP', 'Navarra', 'PDO-ES-A0127', 42),
(323, 'DOP', 'Pago de Arínzano', 'PDO-ES-A0183', 43),
(324, 'DOP', 'Pago de Otazu', 'PDO-ES-A0184', 43),
(325, 'DOP', 'Pago Florentino', 'PDO-ES-A0057', 43),
(326, 'DOP', 'Penedès', 'PDO-ES-A1551', 42),
(327, 'DOP', 'Pla de Bages', 'PDO-ES-A1557', 42),
(328, 'DOP', 'Pla i Llevant', 'PDO-ES-A1038', 42),
(160, 'DOP', 'Azafrán de la Mancha', 'PDO-ES-0112', 22),
(164, 'DOP', 'Miel de La Alcarria', 'PDO-ES-0079', 10),
(167, 'DOP', 'Queso Manchego', 'PDO-ES-0087', 9),
(168, 'DOP', 'Pimentón de Murcia', 'PDO-ES-0113', 22),
(385, 'DOP', 'Aceite de Madrid', 'PDO-ES-02812', 11),
(212, 'DOP', 'Nueces de Nerpio', 'PDO-ES-02786', 19),
(386, 'DOP', 'Aceite Villuercas Ibores Jara', 'PDO-ES-02828', 11),
(169, 'DOP', 'Pera de Jumilla', 'PDO-ES-0315', 13),
(171, 'DOP', 'Queso de Murcia', 'PDO-ES-0168', 9),
(172, 'DOP', 'Queso de Murcia al vino', 'PDO-ES-0204', 9),
(173, 'DOP', 'Aceite de Navarra', 'PDO-ES-0695', 11),
(176, 'DOP', 'Pimientos del Piquillo de Lodosa', 'PDO-ES-0080', 14),
(178, 'DOP', 'Roncal', 'PDO-ES-0091', 9),
(181, 'DOP', 'Aceite de la Comunitat Valenciana', 'PDO-ES-0720', 11),
(182, 'DOP', 'Arroz de Valencia / Arròs de València', 'PDO-ES-0151', 16),
(183, 'DOP', 'Chufa de Valencia / Xufa de València', 'PDO-ES-0055', 23),
(184, 'DOP', 'Alcachofa de Benicarló / Carxofa de Benicarló', 'PDO-ES-0202', 14),
(185, 'DOP', 'Kaki Ribera del Xúquer', 'PDO-ES-0114', 13),
(186, 'DOP', 'Nísperos Callosa d\'En Sarriá', 'PDO-ES-0074', 13),
(187, 'DOP', 'Uva de mesa embolsada del Vinalopó', 'PDO-ES-0075', 13),
(188, 'DOP', 'Granada Mollar de Elche / Granada de Elche', 'PDO-ES-01230', 13),
(206, 'DOP', 'Pebre bord de Mallorca / Pimentón de Mallorca', 'PDO-ES-02465', 22),
(238, 'DOP', 'Abona', 'PDO-ES-A0975', 42),
(239, 'DOP', 'Alella', 'PDO-ES-A1423', 42),
(240, 'DOP', 'Alicante', 'PDO-ES-A1526', 42),
(241, 'DOP', 'Almansa', 'PDO-ES-A0044', 42),
(243, 'DOP', 'Arlanza', 'PDO-ES-A0613', 42),
(244, 'DOP', 'Arribes', 'PDO-ES-A0614', 42),
(245, 'DOP', 'Aylés', 'PDO-ES-A1522', 43),
(250, 'DOP', 'Bierzo', 'PDO-ES-A0615', 42),
(251, 'DOP', 'Binissalem', 'PDO-ES-A1056', 42),
(252, 'DOP', 'Bullas', 'PDO-ES-A0536', 42),
(254, 'DOP', 'Calatayud', 'PDO-ES-A0247', 42),
(255, 'DOP', 'Calzadilla', 'PDO-ES-A0056', 43),
(256, 'DOP', 'Campo de Borja', 'PDO-ES-A0180', 42),
(258, 'DOP', 'Campo de La Guardia', 'PDO-ES-A0055', 43),
(259, 'DOP', 'Cangas', 'PDO-ES-A0119', 44),
(260, 'DOP', 'Cariñena', 'PDO-ES-A0043', 42),
(261, 'DOP', 'Casa del Blanco', 'PDO-ES-A0060', 43),
(265, 'DOP', 'Cataluña / Catalunya', 'PDO-ES-A1549', 42),
(68, 'DOP', 'Manzana Reineta del Bierzo', 'PDO-ES-0115', 13),
(76, 'DOP', 'Mantequilla de Soria', 'PDO-ES-0326', 12),
(79, 'DOP', 'Queso Zamorano', 'PDO-ES-0089', 9),
(82, 'DOP', 'Papas Antiguas de Canarias', 'PDO-ES-0866', 14),
(84, 'DOP', 'Miel de Tenerife', 'PDO-ES-0943', 10),
(85, 'DOP', 'Cochinilla de Canarias', 'PDO-ES-01302', 29),
(86, 'DOP', 'Queso de Flor de Guía / Queso de Media Flor de Guía / Queso de Guía', 'PDO-ES-0605', 9),
(87, 'DOP', 'Queso Majorero', 'PDO-ES-0045', 9),
(88, 'DOP', 'Queso Palmero / Queso de la Palma', 'PDO-ES-0172', 9),
(90, 'DOP', 'Miel de Liébana', 'PDO-ES-01196', 10),
(92, 'DOP', 'Picón Bejes-Tresviso', 'PDO-ES-0084', 9),
(93, 'DOP', 'Queso Nata de Cantabria', 'PDO-ES-0085', 9),
(94, 'DOP', 'Quesucos de Liébana', 'PDO-ES-0090', 9),
(95, 'DOP', 'Aceite de Terra Alta / Oli de Terra Alta', 'PDO-ES-0245', 11),
(96, 'DOP', 'Aceite del Baix Ebre-Montsià / Oli del Baix Ebre-Montsià', 'PDO-ES-0274', 11),
(97, 'DOP', 'Oli de l\'Empordà / Aceite de L\'Empordà', 'PDO-ES-1161', 11),
(98, 'DOP', 'Les Garrigues', 'PDO-ES-0070', 11),
(99, 'DOP', 'Siurana', 'PDO-ES-0072', 11),
(100, 'DOP', 'Arroz del Delta del Ebro / Arròs del Delta de l\'Ebre', 'PDO-ES-0336', 16),
(107, 'DOP', 'Avellana de Reus', 'PDO-ES-0046', 19),
(108, 'DOP', 'Pera de Lleida', 'PDO-ES-0698', 13),
(111, 'DOP', 'Fesols de Santa Pau', 'PDO-ES-1226', 15),
(112, 'DOP', 'Mongeta del Ganxet', 'PDO-ES-0636', 15),
(113, 'DOP', 'Mantequilla de l\'Alt Urgell y la Cerdanya / Mantega de l\'Alt Urgell i la Cerdanya', 'PDO-ES-0187', 12),
(116, 'DOP', 'Queso de l\'Alt Urgell y la Cerdanya', 'PDO-ES-0094', 9),
(117, 'DOP', 'Aceite Monterrubio', 'PDO-ES-0198', 11),
(118, 'DOP', 'Gata-Hurdes', 'PDO-ES-0121', 11),
(121, 'DOP', 'Pimentón de la Vera', 'PDO-ES-0321', 22),
(122, 'DOP', 'Cereza del Jerte', 'PDO-ES-0233', 13),
(123, 'DOP', 'Dehesa de Extremadura', 'PDO-ES-0076', 4),
(124, 'DOP', 'Miel Villuercas-Ibores', 'PDO-ES-01268', 10),
(125, 'DOP', 'Queso de La Serena', 'PDO-ES-0086', 9),
(126, 'DOP', 'Queso Ibores', 'PDO-ES-0261', 9),
(127, 'DOP', 'Torta del Casar', 'PDO-ES-0213', 9),
(134, 'DOP', 'Pemento de Herbón', 'PDO-ES-0509', 14),
(139, 'DOP', 'Mejillón de Galicia / Mexillón de Galicia', 'PDO-ES-0165', 21),
(144, 'DOP', 'Arzùa-Ulloa', 'PDO-ES-0497', 9),
(145, 'DOP', 'Cebreiro', 'PDO-ES-0443', 9),
(146, 'DOP', 'Queso Tetilla / Queixo Tetilla', 'PDO-ES-0088', 9),
(147, 'DOP', 'San Simón da Costa', 'PDO-ES-0359', 9),
(148, 'DOP', 'Aceite de la Rioja', 'PDO-ES-0312', 11),
(152, 'DOP', 'Peras de Rincón de Soto', 'PDO-ES-0251', 13),
(153, 'DOP', 'Queso Camerano', 'PDO-ES-0767', 9),
(155, 'DOP', 'Aceite Campo de Montiel', 'PDO-ES-0590', 11),
(156, 'DOP', 'Aceite Campo de Calatrava', 'PDO-ES-0642', 11),
(157, 'DOP', 'Aceite de La Alcarria', 'PDO-ES-0562', 11),
(158, 'DOP', 'Montes de Toledo', 'PDO-ES-0083', 11),
(1, 'DOP', 'Calasparra', 'PDO-ES-0073', 16),
(5, 'DOP', 'Guijuelo', 'PDO-ES-0077', 4),
(6, 'DOP', 'Jabugo', 'PDO-ES-0009', 4),
(8, 'DOP', 'Idiazabal', 'PDO-ES-0082', 9),
(9, 'DOP', 'Antequera', 'PDO-ES-0327', 11),
(10, 'DOP', 'Baena', 'PDO-ES-0069', 11),
(11, 'DOP', 'Estepa', 'PDO-ES-0341', 11),
(12, 'DOP', 'Aceite de Lucena', 'PDO-ES-0760', 11),
(13, 'DOP', 'Montes de Granada', 'PDO-ES-0169', 11),
(14, 'DOP', 'Montoro-Adamuz', 'PDO-ES-0658', 11),
(15, 'DOP', 'Poniente de Granada', 'PDO-ES-0273', 11),
(16, 'DOP', 'Priego de Córdoba', 'PDO-ES-0053', 11),
(17, 'DOP', 'Sierra de Cádiz', 'PDO-ES-0219', 11),
(18, 'DOP', 'Sierra de Cazorla', 'PDO-ES-0137', 11),
(19, 'DOP', 'Sierra de Segura', 'PDO-ES-0071', 11),
(20, 'DOP', 'Sierra Mágina', 'PDO-ES-0054', 11),
(23, 'DOP', 'Chirimoya de la Costa tropical de Granada-Málaga', 'PDO-ES-0244', 13),
(24, 'DOP', 'Aceituna Aloreña de Málaga', 'PDO-ES-0785', 17),
(25, 'DOP', 'Pasas de Málaga', 'PDO-ES-0849', 13),
(27, 'DOP', 'Los Pedroches', 'PDO-ES-0506', 4),
(34, 'DOP', 'Miel de Granada', 'PDO-ES-0243', 10),
(39, 'DOP', 'Vinagre del Condado de Huelva', 'PDO-ES-0724', 24),
(40, 'DOP', 'Vinagre de Jerez', 'PDO-ES-0723', 24),
(41, 'DOP', 'Vinagre de Montilla-Moriles', 'PDO-ES-0726', 24),
(42, 'DOP', 'Aceite del Bajo Aragón', 'PDO-ES-0118', 11),
(43, 'DOP', 'Aceite Sierra del Moncayo', 'PDO-ES-0797', 11),
(45, 'DOP', 'Melocotón de Calanda', 'PDO-ES-0103', 13),
(46, 'DOP', 'Cebolla Fuentes de Ebro', 'PDO-ES-0817', 14),
(47, 'DOP', 'Jamón de Teruel / Paleta de Teruel', 'PDO-ES-0078', 6),
(51, 'DOP', 'Afuega\'l Pitu', 'PDO-ES-0307', 9),
(52, 'DOP', 'Cabrales', 'PDO-ES-0081', 9),
(53, 'DOP', 'Gamoneu / Gamonedo', 'PDO-ES-0308', 9),
(54, 'DOP', 'Queso Casín', 'PDO-ES-0718', 9),
(55, 'DOP', 'Sidra de Asturias / Sidra d\'Asturies', 'PDO-ES-0260', 25),
(56, 'DOP', 'Aceite de Mallorca / Aceite mallorquín / Oli de Mallorca / Oli mallorquí', 'PDO-ES-0263', 11),
(58, 'DOP', 'Aceituna de Mallorca / Aceituna Mallorquina / Oliva de Mallorca / Oliva Mallorquina', 'PDO-ES-1051', 17),
(61, 'DOP', 'Mahón-Menorca', 'PDO-ES-9083', 9),
(2, 'IGP', 'Cordero Segureño', 'PGI-ES-0871', 3),
(3, 'IGP', 'Carne de Ávila', 'PGI-ES-0093', 2),
(4, 'IGP', 'Espárrago de Navarra', 'PGI-ES-0098', 14),
(7, 'IGP', 'Queso Los Beyos', 'PGI-ES-0806', 9),
(21, 'IGP', 'Tomate La Cañada', 'PGI-ES-0664', 14),
(22, 'IGP', 'Espárrago de Huétor-Tájar', 'PGI-ES-0056', 14),
(26, 'IGP', 'Jamón de Trevélez', 'PGI-ES-0309', 5),
(28, 'IGP', 'Jamón de Serón', 'PGI-ES-1052', 5),
(29, 'IGP', 'Garbanzo de Escacena', 'PGI-ES-0945', 15),
(30, 'IGP', 'Caballa de Andalucia', 'PGI-ES-0281', 20),
(31, 'IGP', 'Melva de Andalucia', 'PGI-ES-0280', 20),
(32, 'IGP', 'Mojama de Barbate', 'PGI-ES-01210', 20),
(33, 'IGP', 'Mojama de Isla Cristina', 'PGI-ES-01211', 20),
(35, 'IGP', 'Alfajor de Medina Sidonia', 'PGI-ES-0346', 28),
(36, 'IGP', 'Mantecados de Estepa', 'PGI-ES-0761', 28),
(37, 'IGP', 'Pan de Alfacar', 'PGI-ES-0890', 27),
(38, 'IGP', 'Polvorones de Estepa', 'PGI-ES-01218', 28),
(44, 'IGP', 'Ternasco de Aragón', 'PGI-ES-0096', 3),
(48, 'IGP', 'Ternera Asturiana', 'PGI-ES-0182', 2),
(49, 'IGP', 'Chosco de Tineo', 'PGI-ES-0696', 7),
(50, 'IGP', 'Faba Asturiana', 'PGI-ES-0100', 15),
(57, 'IGP', 'Sobrasada de Mallorca', 'PGI-ES-0097', 7),
(59, 'IGP', 'Almendra de Mallorca / Almendra Mallorquina / Ametlla de Mallorca / Ametlla Mallorquina', 'PGI-ES-1037', 19),
(60, 'IGP', 'Ensaimada de Mallorca / Ensaimada mallorquina', 'PGI-ES-0277', 28),
(62, 'IGP', 'Carne de Salamanca', 'PGI-ES-01174', 2),
(63, 'IGP', 'Lechazo de Castilla y León', 'PGI-ES-0069', 3),
(64, 'IGP', 'Ternera de Aliste', 'PGI-ES-01134', 2),
(65, 'IGP', 'Botillo del Bierzo', 'PGI-ES-0138', 7),
(66, 'IGP', 'Chorizo de Cantimpalos', 'PGI-ES-0632', 7),
(67, 'IGP', 'Morcilla de Burgos', 'PGI-ES-01282', 7),
(69, 'IGP', 'Pimiento Asado del Bierzo', 'PGI-ES-0262', 14),
(70, 'IGP', 'Pimiento de Fresno-Benavente', 'PGI-ES-0705', 14),
(71, 'IGP', 'Alubia de La Bañeza-León', 'PGI-ES-0492', 15),
(72, 'IGP', 'Garbanzo de Fuentesaúco', 'PGI-ES-0264', 15),
(73, 'IGP', 'Judías de El Barco de Ávila', 'PGI-ES-0101', 15),
(74, 'IGP', 'Lenteja de La Armuña', 'PGI-ES-0102', 15),
(75, 'IGP', 'Lenteja de Tierra de Campos', 'PGI-ES-0313', 15),
(77, 'IGP', 'Cecina de León', 'PGI-ES-0103', 8),
(78, 'IGP', 'Mantecadas de Astorga', 'PGI-ES-0311', 28),
(80, 'IGP', 'Queso de Valdeón', 'PGI-ES-0267', 9),
(81, 'IGP', 'Gofio Canario', 'PGI-ES-0942', 18),
(83, 'IGP', 'Plátano de Canarias', 'PGI-ES-0867', 13),
(89, 'IGP', 'Carne de Cantabria', 'PGI-ES-0185', 2),
(91, 'IGP', 'Sobao Pasiego', 'PGI-ES-0478', 28),
(101, 'IGP', 'Gall del Penedès', 'PGI-ES-01308', 1),
(102, 'IGP', 'Pollo y Capón del Prat', 'PGI-ES-0095', 1),
(103, 'IGP', 'Ternera de los Pirineos Catalanes / Vedella dels Pirineus Catalans / Vedell des Pyrénées Catalanes', 'PGI-ES+FR-1042', 2),
(104, 'IGP', 'Salchichón de Vic / Llonganissa de Vic', 'PGI-ES-0119', 7),
(105, 'IGP', 'Calçot de Valls', 'PGI-ES-0171', 14),
(106, 'IGP', 'Patatas de Prades / Patates de Prades', 'PGI-ES-0232', 14),
(109, 'IGP', 'Clementinas de las Tierras del Ebro / Clementines de les Terres de l\'Ebre', 'PGI-ES-0173', 13),
(110, 'IGP', 'Manzana de Girona / Poma de Girona', 'PGI-ES-0154', 13),
(114, 'IGP', 'Pa de Pagès Català', 'PGI-ES-0880', 27),
(115, 'IGP', 'Turrón de Agramunt / Torró d\'Agramunt', 'PGI-ES-0167', 26),
(119, 'IGP', 'Cordero de Extremadura', 'PGI-ES-0725', 3),
(120, 'IGP', 'Ternera de Extremadura', 'PGI-ES-0220', 2),
(128, 'IGP', 'Capón de Vilalba', 'PGI-ES-01355', 1),
(129, 'IGP', 'Ternera Gallega', 'PGI-ES-0012', 2),
(130, 'IGP', 'Grelos de Galicia', 'PGI-ES-0469', 14),
(131, 'IGP', 'Patata de Galicia / Pataca de Galicia', 'PGI-ES-0205', 14),
(132, 'IGP', 'Pemento do Couto', 'PGI-ES-0464', 14),
(133, 'IGP', 'Pemento de Oímbra', 'PGI-ES-0486', 14),
(135, 'IGP', 'Pemento da Arnoia', 'PGI-ES-0510', 14),
(136, 'IGP', 'Pemento de Mougán', 'PGI-ES-1133', 14),
(137, 'IGP', 'Castaña de Galicia', 'PGI-ES-0609', 19),
(138, 'IGP', 'Faba de Lourenzá', 'PGI-ES-0480', 15),
(140, 'IGP', 'Miel de Galicia / Mel de Galicia', 'PGI-ES-0278', 10),
(141, 'IGP', 'Lacón Gallego', 'PGI-ES-0104', 8),
(142, 'IGP', 'Pan de Cea', 'PGI-ES-0310', 27),
(143, 'IGP', 'Tarta de Santiago', 'PGI-ES-0616', 28),
(149, 'IGP', 'Chorizo Riojano', 'PGI-ES-0654', 7),
(150, 'IGP', 'Coliflor de Calahorra', 'PGI-ES-0268', 14),
(151, 'IGP', 'Pimiento Riojano', 'PGI-ES-0275', 14),
(154, 'IGP', 'Carne de la Sierra de Guadarrama', 'PGI-ES-0124', 2),
(159, 'IGP', 'Cordero Manchego', 'PGI-ES-0047', 3),
(161, 'IGP', 'Berenjena de Almagro', 'PGI-ES-0011', 14),
(162, 'IGP', 'Ajo Morado de Las Pedroñeras', 'PGI-ES-0228', 14),
(163, 'IGP', 'Melón de La Mancha', 'PGI-ES-0511', 13),
(165, 'IGP', 'Mazapán de Toledo', 'PGI-ES-0291', 28),
(166, 'IGP', 'Pan de Cruz de Ciudad Real', 'PGI-ES-0608', 27),
(208, 'IGP', 'Cebolla de la Mancha', 'PGI-ES-02631', 14),
(394, 'IGP', 'Terras do Navia', 'PGI-ES-02787', 45),
(216, 'IGP', 'Melocotón de Cieza', 'PGI-ES-02644', 13),
(210, 'IGP', 'Cerdo de Teruel', 'PGI-ES-2633', 31),
(209, 'IGP', 'Vaca de Extremadura', 'PGI-ES-02619', 2),
(388, 'IGP', 'Formatge Garrotxa / Queso Garrotxa', 'PGI-ES-02876', 9),
(384, 'IGP', 'Cabrito de Extremadura', 'PGI-ES-02796', 3),
(199, 'IGP', 'Vaca e Boi de Galicia / Vaca y Buey de Galicia', 'PGI-ES-2308', 2),
(174, 'IGP', 'Cordero de Navarra / Nafarroako Arkumea', 'PGI-ES-0212', 3),
(175, 'IGP', 'Ternera de Navarra / Nafarroako Aratxea', 'PGI-ES-0130', 2),
(177, 'IGP', 'Alcachofa de Tudela', 'PGI-ES-0139', 14),
(179, 'IGP', 'Carne de Vacuno del País Vasco / Euskal Okela', 'PGI-ES-0175', 2),
(180, 'IGP', 'Pimiento de Gernika or Gernikako Piperra', 'PGI-ES-0673', 14),
(189, 'IGP', 'Cerezas de la Montaña de Alicante', 'PGI-ES-0099', 13),
(190, 'IGP', 'Cítricos Valencianos / Cítrics Valencians', 'PGI-ES-0152', 13),
(191, 'IGP', 'Jijona', 'PGI-ES-1563', 26),
(192, 'IGP', 'Turrón de Alicante', 'PGI-ES-1564', 26),
(201, 'IGP', 'Aceite de Ibiza / Oli d\'Eivissa', 'PGI-ES-02459', 11),
(202, 'IGP', 'Aceite de Jaén', 'PGI-ES-2322', 11),
(204, 'IGP', 'Mollete de Antequera', 'PGI-ES-02393', 27),
(205, 'IGP', 'Pan Galego / Pan Gallego', 'PGI-ES-02321', 27),
(207, 'IGP', 'Queso Castellano', 'PGI-ES-02307', 9),
(237, 'IGP', '3 Riberas', 'PGI-ES-A0128', 45),
(242, 'IGP', 'Altiplano de Sierra Nevada', 'PGI-ES-A1402', 45),
(246, 'IGP', 'Bailén', 'PGI-ES-A1404', 45),
(247, 'IGP', 'Bajo Aragón', 'PGI-ES-A1362', 45),
(248, 'IGP', 'Barbanza e Iria', 'PGI-ES-A1255', 45),
(249, 'IGP', 'Betanzos', 'PGI-ES-A1257', 45),
(253, 'IGP', 'Cádiz', 'PGI-ES-A1405', 45),
(262, 'IGP', 'Castelló', 'PGI-ES-A1173', 45),
(263, 'IGP', 'Castilla', 'PGI-ES-A0059', 45),
(264, 'IGP', 'Castilla y León', 'PGI-ES-A0948', 45),
(275, 'IGP', 'Córdoba', 'PGI-ES-A1406', 45),
(276, 'IGP', 'Costa de Cantabria', 'PGI-ES-A0129', 45),
(278, 'IGP', 'Cumbres del Guadalfeo', 'PGI-ES-A1407', 45),
(280, 'IGP', 'Desierto de Almería', 'PGI-ES-A1408', 45),
(286, 'IGP', 'Extremadura', 'PGI-ES-A1300', 45),
(288, 'IGP', 'Formentera', 'PGI-ES-A0875', 45),
(292, 'IGP', 'Ibiza / Eivissa', 'PGI-ES-A0110', 45),
(293, 'IGP', 'Illes Balears', 'PGI-ES-A0947', 45),
(294, 'IGP', 'Isla de Menorca / Illa de Menorca', 'PGI-ES-A0870', 45),
(302, 'IGP', 'Laderas del Genil', 'PGI-ES-A1409', 45),
(304, 'IGP', 'Laujar-Alpujarra', 'PGI-ES-A1410', 45),
(307, 'IGP', 'Liébana', 'PGI-ES-A0130', 45),
(310, 'IGP', 'Los Palacios', 'PGI-ES-A1411', 45),
(312, 'IGP', 'Mallorca', 'PGI-ES-A0960', 45),
(320, 'IGP', 'Murcia', 'PGI-ES-A0608', 45),
(322, 'IGP', 'Norte de Almería', 'PGI-ES-A1412', 45),
(333, 'IGP', 'Ribeiras do Morrazo', 'PGI-ES-02238', 45),
(335, 'IGP', 'Ribera del Andarax', 'PGI-ES-A1414', 45),
(337, 'IGP', 'Ribera del Gállego - Cinco Villas', 'PGI-ES-A0245', 45),
(339, 'IGP', 'Ribera del Jiloca', 'PGI-ES-A0244', 45),
(341, 'IGP', 'Ribera del Queiles', 'PGI-ES-A0083', 45),
(344, 'IGP', 'Serra de Tramuntana-Costa Nord', 'PGI-ES-A0103', 45),
(346, 'IGP', 'Sierra Norte de Sevilla', 'PGI-ES-A1415', 45),
(347, 'IGP', 'Sierra Sur de Jaén', 'PGI-ES-A1416', 45),
(348, 'IGP', 'Sierras de Las Estancias y Los Filabres', 'PGI-ES-A1417', 45),
(356, 'IGP', 'Torreperogil', 'PGI-ES-A1418', 45),
(359, 'IGP', 'Valdejalón', 'PGI-ES-A0246', 45),
(365, 'IGP', 'Valle del Cinca', 'PGI-ES-A0181', 45),
(366, 'IGP', 'Valle del Miño-Ourense / Val do Miño-Ourense', 'PGI-ES-A1259', 45),
(369, 'IGP', 'Valles de Sadacia', 'PGI-ES-A0511', 45),
(372, 'IGP', 'Villaviciosa de Córdoba', 'PGI-ES-A1419', 45),
(217, 'IG', 'Ronmiel de Canarias', 'PGI-ES-01943', 39),
(236, 'IG', 'Vino Naranja del Condado de Huelva', 'PGI-ES-02343', 40),
(218, 'IG', 'Hierbas Ibicencas', 'PGI-ES-01973', 36),
(219, 'IG', 'Aguardiente de hierbas de Galicia', 'PGI-ES-01913', 39),
(220, 'IG', 'Herbero de la Sierra de Mariola', 'PGI-ES-01894', 39),
(221, 'IG', 'Anís Paloma Monforte del Cid', 'PGI-ES-01893', 36),
(222, 'IG', 'Aperitivo Café de Alcoy', 'PGI-ES-01891', 39),
(223, 'IG', 'Cantueso Alicantino', 'PGI-ES-01892', 37),
(224, 'IG', 'Hierbas de Mallorca', 'PGI-ES-01869', 36),
(225, 'IG', 'Licor café de Galicia', 'PGI-ES-01911', 37),
(226, 'IG', 'Licor de hierbas de Galicia', 'PGI-ES-01912', 37),
(227, 'IG', 'Palo de Mallorca', 'PGI-ES-01868', 37),
(228, 'IG', 'Orujo de Galicia', 'PGI-ES-01914', 33),
(229, 'IG', 'Ratafia catalana', 'PGI-ES-01945', 37),
(230, 'IG', 'Brandy de Jerez', 'PGI-ES-01944', 32),
(231, 'IG', 'Aguardiente de sidra de Asturias', 'PGI-ES-02058', 34),
(232, 'IG', 'Brandy del Penedés', 'PGI-ES-01946', 32),
(233, 'IG', 'Gin de Mahón', 'PGI-ES-01953', 35),
(234, 'IG', 'Pacharán navarro', 'PGI-ES-01878', 38),
(235, 'IG', 'Chinchón', 'PGI-ES-02017', 36);

INSERT INTO `denominacion_origen_provincias`
(`denominaciones_origen_id`, `provincias_id`)
VALUES
(329, 31),
(330, 43),
(331, 15),
(331, 36),
(332, 27),
(332, 32),
(334, 32),
(336, 9),
(336, 40),
(336, 42),
(336, 47),
(338, 6),
(338, 10),
(340, 16),
(342, 1),
(342, 9),
(342, 31),
(342, 26),
(343, 5),
(343, 40),
(343, 47),
(345, 37),
(349, 14),
(349, 29),
(350, 22),
(351, 38),
(352, 43),
(353, 43),
(354, 37),
(354, 49),
(355, 47),
(355, 49),
(357, 16),
(357, 45),
(358, 46),
(360, 32),
(361, 13),
(362, 2),
(362, 3),
(362, 46),
(363, 38),
(364, 38),
(367, 13),
(368, 49),
(370, 40),
(371, 46),
(373, 28),
(374, 38),
(375, 30),
(382, 47),
(378, 47),
(376, 47),
(377, 31),
(213, 10),
(215, 26),
(214, 26),
(266, 31),
(266, 26),
(266, 43),
(266, 46),
(266, 50),
(267, 5),
(268, 1),
(269, 48),
(270, 20),
(271, 46),
(272, 34),
(272, 47),
(273, 43),
(274, 21),
(277, 25),
(277, 43),
(279, 13),
(281, 45),
(282, 38),
(283, 46),
(284, 13),
(285, 17),
(287, 2),
(289, 35),
(290, 18),
(291, 2),
(295, 35),
(295, 38),
(296, 11),
(296, 41),
(297, 2),
(297, 30),
(298, 38),
(299, 16),
(300, 2),
(300, 13),
(300, 16),
(300, 45),
(301, 38),
(303, 35),
(305, 41),
(306, 24),
(306, 47),
(308, 46),
(309, 13),
(311, 14),
(311, 29),
(313, 2),
(313, 16),
(314, 11),
(314, 41),
(315, 45),
(316, 19),
(317, 32),
(318, 14),
(319, 43),
(321, 31),
(323, 31),
(324, 31),
(325, 13),
(326, 8),
(326, 43),
(327, 8),
(328, 7),
(160, 16),
(160, 45),
(164, 16),
(164, 19),
(167, 2),
(167, 13),
(167, 16),
(167, 45),
(168, 3),
(168, 4),
(168, 18),
(385, 28),
(212, 2),
(212, 30),
(386, 10),
(168, 30),
(169, 30),
(171, 30),
(172, 30),
(173, 31),
(176, 31),
(178, 31),
(181, 3),
(181, 12),
(181, 46),
(182, 3),
(182, 12),
(182, 46),
(183, 46),
(184, 12),
(185, 46),
(186, 3),
(187, 3),
(188, 3),
(206, 7),
(238, 38),
(239, 8),
(240, 3),
(240, 30),
(241, 2),
(243, 9),
(243, 34),
(244, 37),
(244, 49),
(245, 50),
(250, 24),
(251, 7),
(252, 30),
(254, 50),
(255, 16),
(256, 50),
(258, 45),
(259, 33),
(260, 50),
(261, 13),
(265, 8),
(265, 17),
(265, 25),
(265, 43),
(266, 1),
(266, 6),
(266, 8),
(266, 17),
(266, 25),
(68, 24),
(76, 42),
(79, 49),
(82, 35),
(82, 38),
(84, 38),
(85, 35),
(85, 38),
(86, 35),
(87, 35),
(88, 38),
(90, 39),
(92, 39),
(93, 39),
(94, 39),
(95, 43),
(96, 43),
(97, 17),
(98, 25),
(99, 43),
(100, 43),
(107, 43),
(108, 25),
(111, 17),
(112, 8),
(112, 17),
(113, 17),
(113, 25),
(116, 17),
(116, 25),
(117, 6),
(118, 10),
(121, 10),
(122, 10),
(123, 6),
(123, 10),
(124, 10),
(125, 6),
(126, 10),
(127, 10),
(134, 15),
(134, 36),
(139, 15),
(139, 36),
(144, 15),
(144, 27),
(144, 36),
(145, 27),
(146, 15),
(146, 27),
(146, 32),
(146, 36),
(147, 27),
(148, 26),
(152, 26),
(153, 26),
(155, 13),
(156, 13),
(157, 16),
(157, 19),
(158, 13),
(158, 45),
(160, 2),
(160, 13),
(1, 2),
(1, 30),
(5, 5),
(5, 6),
(5, 10),
(5, 13),
(5, 14),
(5, 21),
(5, 37),
(5, 40),
(5, 41),
(5, 45),
(5, 49),
(6, 6),
(6, 10),
(6, 11),
(6, 14),
(6, 21),
(6, 29),
(6, 41),
(8, 1),
(8, 48),
(8, 20),
(8, 31),
(9, 14),
(9, 29),
(10, 14),
(11, 14),
(11, 41),
(12, 14),
(13, 18),
(14, 14),
(15, 18),
(16, 14),
(17, 11),
(17, 41),
(18, 23),
(19, 23),
(20, 23),
(23, 18),
(23, 29),
(24, 29),
(25, 29),
(27, 14),
(34, 18),
(39, 21),
(40, 11),
(40, 41),
(41, 14),
(42, 44),
(42, 50),
(43, 50),
(45, 44),
(45, 50),
(46, 50),
(47, 44),
(51, 33),
(52, 33),
(53, 33),
(54, 33),
(55, 33),
(56, 7),
(58, 7),
(61, 7),
(2, 2),
(2, 4),
(2, 18),
(2, 23),
(2, 30),
(3, 5),
(3, 6),
(3, 9),
(3, 10),
(3, 13),
(3, 14),
(3, 19),
(3, 21),
(3, 23),
(3, 24),
(3, 28),
(3, 34),
(3, 26),
(3, 37),
(3, 40),
(3, 41),
(3, 42),
(3, 44),
(3, 45),
(3, 47),
(3, 49),
(4, 22),
(4, 31),
(4, 26),
(4, 50),
(7, 33),
(7, 24),
(21, 4),
(22, 18),
(26, 18),
(28, 4),
(29, 21),
(29, 41),
(30, 4),
(30, 11),
(30, 18),
(30, 21),
(30, 29),
(31, 4),
(31, 11),
(31, 18),
(31, 21),
(31, 29),
(32, 11),
(33, 21),
(35, 11),
(36, 41),
(37, 18),
(38, 41),
(44, 22),
(44, 44),
(44, 50),
(48, 33),
(49, 33),
(50, 33),
(57, 7),
(59, 7),
(60, 7),
(62, 37),
(63, 5),
(63, 9),
(63, 24),
(63, 34),
(63, 37),
(63, 40),
(63, 42),
(63, 47),
(63, 49),
(64, 49),
(65, 24),
(66, 40),
(67, 9),
(69, 24),
(70, 24),
(70, 47),
(70, 49),
(71, 24),
(71, 49),
(72, 49),
(73, 5),
(73, 37),
(74, 37),
(75, 24),
(75, 34),
(75, 47),
(75, 49),
(77, 24),
(78, 24),
(80, 24),
(81, 35),
(81, 38),
(83, 35),
(83, 38),
(89, 39),
(91, 39),
(101, 8),
(101, 43),
(102, 8),
(103, 8),
(103, 17),
(103, 25),
(104, 8),
(105, 43),
(106, 43),
(109, 43),
(110, 17),
(114, 8),
(114, 17),
(114, 25),
(114, 43),
(115, 25),
(119, 6),
(119, 10),
(120, 6),
(120, 10),
(128, 27),
(129, 15),
(129, 27),
(129, 32),
(129, 36),
(130, 15),
(130, 27),
(130, 32),
(130, 36),
(131, 15),
(131, 27),
(131, 32),
(131, 36),
(132, 15),
(133, 32),
(135, 32),
(136, 27),
(137, 15),
(137, 27),
(137, 32),
(137, 36),
(138, 27),
(140, 15),
(140, 27),
(140, 32),
(140, 36),
(141, 15),
(141, 27),
(141, 32),
(141, 36),
(142, 32),
(143, 15),
(143, 27),
(143, 32),
(143, 36),
(149, 26),
(150, 26),
(151, 26),
(154, 28),
(159, 2),
(159, 13),
(159, 16),
(159, 45),
(161, 13),
(162, 2),
(162, 13),
(162, 16),
(162, 45),
(163, 13),
(165, 45),
(166, 13),
(208, 45),
(208, 19),
(208, 16),
(208, 13),
(208, 2),
(394, 27),
(216, 30),
(210, 44),
(209, 6),
(209, 10),
(388, 8),
(388, 17),
(388, 25),
(388, 43),
(384, 6),
(384, 10),
(199, 36),
(174, 31),
(175, 31),
(177, 31),
(179, 1),
(179, 48),
(179, 20),
(180, 1),
(180, 48),
(180, 20),
(189, 3),
(189, 46),
(190, 3),
(190, 12),
(190, 46),
(191, 3),
(192, 3),
(201, 7),
(202, 23),
(204, 29),
(205, 15),
(205, 27),
(205, 32),
(205, 36),
(207, 5),
(207, 9),
(207, 24),
(207, 34),
(207, 37),
(207, 40),
(207, 42),
(207, 47),
(207, 49),
(237, 31),
(242, 18),
(246, 23),
(247, 44),
(247, 50),
(248, 15),
(248, 36),
(249, 15),
(253, 11),
(262, 12),
(263, 2),
(263, 13),
(263, 16),
(263, 19),
(263, 45),
(264, 5),
(264, 9),
(264, 24),
(264, 34),
(264, 37),
(264, 40),
(264, 42),
(264, 47),
(264, 49),
(275, 14),
(276, 39),
(278, 18),
(280, 4),
(286, 6),
(286, 10),
(288, 7),
(292, 7),
(293, 7),
(294, 7),
(302, 18),
(304, 4),
(307, 39),
(310, 41),
(312, 7),
(320, 30),
(322, 4),
(333, 36),
(335, 4),
(337, 22),
(337, 50),
(339, 44),
(339, 50),
(341, 31),
(341, 50),
(344, 7),
(346, 41),
(347, 23),
(348, 4),
(356, 23),
(359, 50),
(365, 22),
(366, 32),
(369, 26),
(372, 14),
(199, 15),
(199, 27),
(199, 32),
(217, 35),
(236, 21),
(218, 7),
(219, 15),
(219, 27),
(219, 32),
(219, 36),
(220, 3),
(221, 3),
(222, 3),
(223, 3),
(224, 7),
(225, 15),
(225, 27),
(225, 32),
(225, 36),
(226, 15),
(226, 27),
(226, 32),
(226, 36),
(227, 7),
(228, 15),
(228, 27),
(228, 32),
(228, 36),
(229, 8),
(229, 17),
(229, 25),
(229, 43),
(230, 11),
(231, 33),
(232, 8),
(232, 43),
(233, 7),
(234, 31),
(235, 28),
(217, 38);

INSERT INTO `edificacion_tipologia`
(`id`, `descripcion`)
VALUES
(1, 'Naves y obras de edificación de entidad constructiva'),
(2, 'Obras de edificación de escasa entidad constructiva'),
(3, 'Construcciones singulares'),
(4, 'Espacios anejos y construcciones e instalaciones a cielo abierto'),
(5, 'Construcciones e instalaciones auxiliares'),
(6, 'Depósitos'),
(7, 'Construcciones tradicionales '),
(8, 'Instalación eléctrica'),
(9, 'Instalación riego');

INSERT INTO `edificacion_clasificacion`
(`id`, `descripcion`, `tipologia_id`)
VALUES
(1, 'Abrevadero y abastecimiento de agua', 1),
(2, 'Almacén de maquinaria', 1),
(3, 'Almacén de productos y materias primas', 1),
(4, 'Almazara', 1),
(5, 'Alojamiento ganadero aves', 1),
(6, 'Alojamiento ganadero bovino de carne', 1),
(7, 'Alojamiento ganadero bovino de leche', 1),
(8, 'Alojamiento ganadero conejos', 1),
(9, 'Alojamiento ganadero equino', 1),
(10, 'Alojamiento ganadero porcino', 1),
(11, 'Alojamiento ganadero varios', 1),
(12, 'Alojamiento ganadero visones y otros peleteros', 1),
(13, 'Baño', 1),
(14, 'Comedor', 1),
(15, 'Construcción acuicultura, piscifactorías y Cetáreas', 1),
(16, 'Construcción apicultura', 1),
(17, 'Instalación para la producción de hongos', 1),
(18, 'Construcción especies cinegéticas', 1),
(19, 'Construcción Helicicultura', 1),
(20, 'Construcción Lombricultura', 1),
(21, 'Construcción para reparación edificios e instalaciones', 1),
(22, 'Instalaciones de clasificación empaquetado', 1),
(23, 'Invernadero cristal floricultura intensiva', 1),
(24, 'Invernadero cristal horticultura intensiva', 1),
(25, 'Invernadero plástico floricultura intensiva', 1),
(26, 'Invernadero plástico horticultura intensiva', 1),
(27, 'Nave agrícola', 1),
(28, 'Nave ganadera', 1),
(29, 'Nave forestal', 1),
(31, 'Nave para transformación de productos en origen, queserías y otros lácteos.', 1),
(32, 'Ranchos', 1),
(33, 'Refugios', 1),
(34, 'Viviendas de temporeros', 1),
(35, 'Cobertizo', 2),
(36, 'Techado sin cerramiento', 2),
(37, 'Bodegas', 3),
(38, 'Bodegas subterráneas', 3),
(39, 'Construcciones subterráneas', 3),
(40, 'Edificios relacionados con actividades deportivas u observación de la naturaleza', 3),
(41, 'Instalaciones deportivas y de acampada', 3),
(42, 'Picaderos', 3),
(43, 'Plazas de toros', 3),
(44, 'Tentaderos', 3),
(45, 'Bancadas', 4),
(46, 'Caminos de la explotación', 4),
(47, 'Canales', 4),
(48, 'Conducciones', 4),
(49, 'Conducciones generales', 4),
(50, 'Cortavientos no forestales', 4),
(51, 'Enarenados', 4),
(52, 'Estacionamientos maquinaria agrícola y de transporte', 4),
(53, 'Gavias y jables', 4),
(54, 'Líneas de transporte y clasificación', 4),
(55, 'Muelles de carga', 4),
(56, 'Muros de contención', 4),
(57, 'Pozos y galerías', 4),
(58, 'Recintos para el recibo y acopio de materias primas', 4),
(59, 'Cámaras frigoríficas', 5),
(60, 'Casetas de riego', 5),
(61, 'Casetas de transformadores', 5),
(62, 'Balsas para riego', 5),
(63, 'Depuradoras', 5),
(65, 'Saneamiento, desagües, drenajes y fosas', 5),
(66, 'Secaderos de grano', 5),
(67, 'Secaderos de tabaco', 5),
(68, 'Depósito de líquido', 6),
(69, 'Depósitos de gas', 6),
(70, 'Estanques y balsas', 6),
(71, 'Fosas de purín', 6),
(72, 'Silos de grano', 6),
(73, 'Silos forrajeros, heniles y pajares', 6),
(74, 'Horreo', 7),
(75, 'Molino', 7),
(76, 'Noria', 7),
(77, 'Palloza', 7),
(78, 'Alumbrado', 8),
(79, 'Electrificación por energía eólica', 8),
(80, 'Instalaciones de paneles solares', 8),
(81, 'Electrificación por línea', 8),
(82, 'Grupos electrógenos', 8),
(83, 'Transformadores', 8),
(84, 'Bomba', 9),
(85, 'Cabezal de riego', 9),
(86, 'Electroválvulas', 9),
(87, 'Sistemas agua subterránea', 9),
(88, 'Sistemas agua superficial', 9),
(89, 'Alojamiento ganadero ovino', 1),
(90, 'Alojamiento ganadero caprino', 1),
(91, 'Instalación de recepción, selección, preparación, tratamiento y envasado semillas', 1),
(92, 'Almacén conservación semillas', 1),
(93, 'Centro expedición y logística', 1),
(94, 'Oficina', 1),
(95, 'Instalación para acondicionamiento de grano', 1),
(96, 'Instalación de geminación de semillas', 1),
(97, 'Instalación de procesamiento de madera o embalajes de madera', 1),
(98, 'Centro de jardinería', 1),
(99, 'Laboratorio', 1),
(100, 'Campo madre de plantas de vivero (en invernadero)', 5),
(101, 'Campo de producción de plantas de vivero (en invernadero)', 5),
(102, 'Almacén para la preparación y conservación de plantas de vivero', 5),
(103, 'Semillero', 5),
(104, 'Instalación para aclimatación de plantas en producción “in vitro”', 5),
(105, 'Cámaras conservación, estratificación y multiplicación de semillas, estaquillas o injertos', 5),
(106, 'Campo madre de plantas de vivero', 5),
(107, 'Campo de producción de plantas de vivero', 5),
(108, 'Campo de precontrol y postcontrol de semillas', 5),
(109, 'Cerramientos de la explotación', 4);

